"Município";"Grupo de idade";"Variável";"Cor ou raça";"Ano";"Próprio de algum morador";"Alugado";"Cedido ou emprestado";"Outra condição"
"Angra dos Reis (RJ)";"Total";"Moradores em domicílios particulares permanentes ocupados (Pessoas)";"Total";"2022";"114793";"42537";"9055";"915"
"Aperibé (RJ)";"Total";"Moradores em domicílios particulares permanentes ocupados (Pessoas)";"Total";"2022";"8122";"2310";"552";"23"
"Araruama (RJ)";"Total";"Moradores em domicílios particulares permanentes ocupados (Pessoas)";"Total";"2022";"98406";"22853";"6710";"1177"
"Areal (RJ)";"Total";"Moradores em domicílios particulares permanentes ocupados (Pessoas)";"Total";"2022";"8362";"2552";"890";"17"
"Armação dos Búzios (RJ)";"Total";"Moradores em domicílios particulares permanentes ocupados (Pessoas)";"Total";"2022";"26337";"10835";"2308";"344"
"Arraial do Cabo (RJ)";"Total";"Moradores em domicílios particulares permanentes ocupados (Pessoas)";"Total";"2022";"22959";"6510";"1309";"200"
"Barra do Piraí (RJ)";"Total";"Moradores em domicílios particulares permanentes ocupados (Pessoas)";"Total";"2022";"69906";"18083";"4372";"407"
"Barra Mansa (RJ)";"Total";"Moradores em domicílios particulares permanentes ocupados (Pessoas)";"Total";"2022";"133590";"28416";"7052";"553"
"Belford Roxo (RJ)";"Total";"Moradores em domicílios particulares permanentes ocupados (Pessoas)";"Total";"2022";"379246";"85555";"14723";"3375"
"Bom Jardim (RJ)";"Total";"Moradores em domicílios particulares permanentes ocupados (Pessoas)";"Total";"2022";"16503";"8080";"3353";"130"
"Bom Jesus do Itabapoana (RJ)";"Total";"Moradores em domicílios particulares permanentes ocupados (Pessoas)";"Total";"2022";"23400";"8146";"3300";"156"
"Cabo Frio (RJ)";"Total";"Moradores em domicílios particulares permanentes ocupados (Pessoas)";"Total";"2022";"157538";"53139";"9331";"1714"
"Cachoeiras de Macacu (RJ)";"Total";"Moradores em domicílios particulares permanentes ocupados (Pessoas)";"Total";"2022";"39899";"10853";"5258";"858"
"Cambuci (RJ)";"Total";"Moradores em domicílios particulares permanentes ocupados (Pessoas)";"Total";"2022";"10528";"2670";"1341";"35"
"Carapebus (RJ)";"Total";"Moradores em domicílios particulares permanentes ocupados (Pessoas)";"Total";"2022";"10763";"2267";"541";"276"
"Comendador Levy Gasparian (RJ)";"Total";"Moradores em domicílios particulares permanentes ocupados (Pessoas)";"Total";"2022";"6949";"1023";"622";"64"
"Campos dos Goytacazes (RJ)";"Total";"Moradores em domicílios particulares permanentes ocupados (Pessoas)";"Total";"2022";"388953";"60942";"25094";"5951"
"Cantagalo (RJ)";"Total";"Moradores em domicílios particulares permanentes ocupados (Pessoas)";"Total";"2022";"13183";"4317";"1779";"68"
"Cardoso Moreira (RJ)";"Total";"Moradores em domicílios particulares permanentes ocupados (Pessoas)";"Total";"2022";"8670";"2616";"1587";"73"
"Carmo (RJ)";"Total";"Moradores em domicílios particulares permanentes ocupados (Pessoas)";"Total";"2022";"10758";"4995";"1131";"163"
"Casimiro de Abreu (RJ)";"Total";"Moradores em domicílios particulares permanentes ocupados (Pessoas)";"Total";"2022";"32433";"10935";"2415";"253"
"Conceição de Macabu (RJ)";"Total";"Moradores em domicílios particulares permanentes ocupados (Pessoas)";"Total";"2022";"15484";"3500";"1742";"274"
"Cordeiro (RJ)";"Total";"Moradores em domicílios particulares permanentes ocupados (Pessoas)";"Total";"2022";"14067";"5681";"955";"55"
"Duas Barras (RJ)";"Total";"Moradores em domicílios particulares permanentes ocupados (Pessoas)";"Total";"2022";"6669";"3387";"878";"26"
"Duque de Caxias (RJ)";"Total";"Moradores em domicílios particulares permanentes ocupados (Pessoas)";"Total";"2022";"636103";"138512";"27434";"5584"
"Engenheiro Paulo de Frontin (RJ)";"Total";"Moradores em domicílios particulares permanentes ocupados (Pessoas)";"Total";"2022";"9385";"2038";"719";"62"
"Guapimirim (RJ)";"Total";"Moradores em domicílios particulares permanentes ocupados (Pessoas)";"Total";"2022";"39805";"8501";"2625";"617"
"Iguaba Grande (RJ)";"Total";"Moradores em domicílios particulares permanentes ocupados (Pessoas)";"Total";"2022";"20064";"6152";"1490";"205"
"Itaboraí (RJ)";"Total";"Moradores em domicílios particulares permanentes ocupados (Pessoas)";"Total";"2022";"172020";"35732";"14190";"1942"
"Itaguaí (RJ)";"Total";"Moradores em domicílios particulares permanentes ocupados (Pessoas)";"Total";"2022";"90238";"20445";"4986";"843"
"Italva (RJ)";"Total";"Moradores em domicílios particulares permanentes ocupados (Pessoas)";"Total";"2022";"11011";"2487";"560";"4"
"Itaocara (RJ)";"Total";"Moradores em domicílios particulares permanentes ocupados (Pessoas)";"Total";"2022";"16609";"4461";"1681";"73"
"Itaperuna (RJ)";"Total";"Moradores em domicílios particulares permanentes ocupados (Pessoas)";"Total";"2022";"68677";"23197";"7740";"728"
"Itatiaia (RJ)";"Total";"Moradores em domicílios particulares permanentes ocupados (Pessoas)";"Total";"2022";"21873";"6849";"1931";"112"
"Japeri (RJ)";"Total";"Moradores em domicílios particulares permanentes ocupados (Pessoas)";"Total";"2022";"75853";"12182";"2676";"503"
"Laje do Muriaé (RJ)";"Total";"Moradores em domicílios particulares permanentes ocupados (Pessoas)";"Total";"2022";"5892";"1091";"347";"4"
"Macaé (RJ)";"Total";"Moradores em domicílios particulares permanentes ocupados (Pessoas)";"Total";"2022";"165746";"69123";"9614";"1647"
"Macuco (RJ)";"Total";"Moradores em domicílios particulares permanentes ocupados (Pessoas)";"Total";"2022";"3946";"1081";"358";"30"
"Magé (RJ)";"Total";"Moradores em domicílios particulares permanentes ocupados (Pessoas)";"Total";"2022";"185301";"30329";"9187";"1217"
"Mangaratiba (RJ)";"Total";"Moradores em domicílios particulares permanentes ocupados (Pessoas)";"Total";"2022";"28025";"11433";"1279";"471"
"Maricá (RJ)";"Total";"Moradores em domicílios particulares permanentes ocupados (Pessoas)";"Total";"2022";"146395";"41430";"7139";"1922"
"Mendes (RJ)";"Total";"Moradores em domicílios particulares permanentes ocupados (Pessoas)";"Total";"2022";"13318";"3223";"863";"69"
"Mesquita (RJ)";"Total";"Moradores em domicílios particulares permanentes ocupados (Pessoas)";"Total";"2022";"126413";"32916";"4696";"2735"
"Miguel Pereira (RJ)";"Total";"Moradores em domicílios particulares permanentes ocupados (Pessoas)";"Total";"2022";"19856";"4906";"1633";"162"
"Miracema (RJ)";"Total";"Moradores em domicílios particulares permanentes ocupados (Pessoas)";"Total";"2022";"19715";"4302";"2697";"115"
"Natividade (RJ)";"Total";"Moradores em domicílios particulares permanentes ocupados (Pessoas)";"Total";"2022";"10369";"2969";"1616";"57"
"Nilópolis (RJ)";"Total";"Moradores em domicílios particulares permanentes ocupados (Pessoas)";"Total";"2022";"106349";"35258";"4397";"643"
"Niterói (RJ)";"Total";"Moradores em domicílios particulares permanentes ocupados (Pessoas)";"Total";"2022";"336174";"115095";"19594";"9279"
"Nova Friburgo (RJ)";"Total";"Moradores em domicílios particulares permanentes ocupados (Pessoas)";"Total";"2022";"124635";"52912";"9966";"1776"
"Nova Iguaçu (RJ)";"Total";"Moradores em domicílios particulares permanentes ocupados (Pessoas)";"Total";"2022";"622459";"119736";"34485";"7853"
"Paracambi (RJ)";"Total";"Moradores em domicílios particulares permanentes ocupados (Pessoas)";"Total";"2022";"31873";"7597";"1503";"192"
"Paraíba do Sul (RJ)";"Total";"Moradores em domicílios particulares permanentes ocupados (Pessoas)";"Total";"2022";"30713";"8621";"2393";"214"
"Paraty (RJ)";"Total";"Moradores em domicílios particulares permanentes ocupados (Pessoas)";"Total";"2022";"29247";"11941";"3788";"131"
"Paty do Alferes (RJ)";"Total";"Moradores em domicílios particulares permanentes ocupados (Pessoas)";"Total";"2022";"23658";"4160";"1636";"100"
"Petrópolis (RJ)";"Total";"Moradores em domicílios particulares permanentes ocupados (Pessoas)";"Total";"2022";"202003";"61011";"12435";"2530"
"Pinheiral (RJ)";"Total";"Moradores em domicílios particulares permanentes ocupados (Pessoas)";"Total";"2022";"18789";"4333";"1030";"114"
"Piraí (RJ)";"Total";"Moradores em domicílios particulares permanentes ocupados (Pessoas)";"Total";"2022";"20789";"4582";"2018";"85"
"Porciúncula (RJ)";"Total";"Moradores em domicílios particulares permanentes ocupados (Pessoas)";"Total";"2022";"11899";"3588";"1645";"98"
"Porto Real (RJ)";"Total";"Moradores em domicílios particulares permanentes ocupados (Pessoas)";"Total";"2022";"15097";"4274";"953";"34"
"Quatis (RJ)";"Total";"Moradores em domicílios particulares permanentes ocupados (Pessoas)";"Total";"2022";"9803";"2987";"836";"43"
"Queimados (RJ)";"Total";"Moradores em domicílios particulares permanentes ocupados (Pessoas)";"Total";"2022";"116933";"18046";"4690";"628"
"Quissamã (RJ)";"Total";"Moradores em domicílios particulares permanentes ocupados (Pessoas)";"Total";"2022";"17608";"3277";"1451";"44"
"Resende (RJ)";"Total";"Moradores em domicílios particulares permanentes ocupados (Pessoas)";"Total";"2022";"86917";"33870";"7312";"765"
"Rio Bonito (RJ)";"Total";"Moradores em domicílios particulares permanentes ocupados (Pessoas)";"Total";"2022";"40118";"11824";"3321";"950"
"Rio Claro (RJ)";"Total";"Moradores em domicílios particulares permanentes ocupados (Pessoas)";"Total";"2022";"13398";"2864";"1048";"67"
"Rio das Flores (RJ)";"Total";"Moradores em domicílios particulares permanentes ocupados (Pessoas)";"Total";"2022";"6077";"1517";"1306";"52"
"Rio das Ostras (RJ)";"Total";"Moradores em domicílios particulares permanentes ocupados (Pessoas)";"Total";"2022";"95147";"53123";"5555";"2562"
"Rio de Janeiro (RJ)";"Total";"Moradores em domicílios particulares permanentes ocupados (Pessoas)";"Total";"2022";"4272569";"1622859";"217201";"62626"
"Santa Maria Madalena (RJ)";"Total";"Moradores em domicílios particulares permanentes ocupados (Pessoas)";"Total";"2022";"7403";"1672";"1066";"58"
"Santo Antônio de Pádua (RJ)";"Total";"Moradores em domicílios particulares permanentes ocupados (Pessoas)";"Total";"2022";"29278";"9892";"1878";"161"
"São Francisco de Itabapoana (RJ)";"Total";"Moradores em domicílios particulares permanentes ocupados (Pessoas)";"Total";"2022";"38467";"4335";"2092";"165"
"São Fidélis (RJ)";"Total";"Moradores em domicílios particulares permanentes ocupados (Pessoas)";"Total";"2022";"26702";"9523";"1947";"749"
"São Gonçalo (RJ)";"Total";"Moradores em domicílios particulares permanentes ocupados (Pessoas)";"Total";"2022";"666393";"183032";"36649";"9227"
"São João da Barra (RJ)";"Total";"Moradores em domicílios particulares permanentes ocupados (Pessoas)";"Total";"2022";"29289";"5814";"1274";"120"
"São João de Meriti (RJ)";"Total";"Moradores em domicílios particulares permanentes ocupados (Pessoas)";"Total";"2022";"332283";"96502";"9625";"2391"
"São José de Ubá (RJ)";"Total";"Moradores em domicílios particulares permanentes ocupados (Pessoas)";"Total";"2022";"5770";"1026";"274";"-"
"São José do Vale do Rio Preto (RJ)";"Total";"Moradores em domicílios particulares permanentes ocupados (Pessoas)";"Total";"2022";"13503";"5610";"2821";"147"
"São Pedro da Aldeia (RJ)";"Total";"Moradores em domicílios particulares permanentes ocupados (Pessoas)";"Total";"2022";"76319";"21063";"5936";"547"
"São Sebastião do Alto (RJ)";"Total";"Moradores em domicílios particulares permanentes ocupados (Pessoas)";"Total";"2022";"5756";"1263";"731";"-"
"Sapucaia (RJ)";"Total";"Moradores em domicílios particulares permanentes ocupados (Pessoas)";"Total";"2022";"11978";"3957";"1679";"83"
"Saquarema (RJ)";"Total";"Moradores em domicílios particulares permanentes ocupados (Pessoas)";"Total";"2022";"66396";"17944";"4457";"549"
"Seropédica (RJ)";"Total";"Moradores em domicílios particulares permanentes ocupados (Pessoas)";"Total";"2022";"61580";"12341";"5117";"862"
"Silva Jardim (RJ)";"Total";"Moradores em domicílios particulares permanentes ocupados (Pessoas)";"Total";"2022";"15896";"3145";"2087";"191"
"Sumidouro (RJ)";"Total";"Moradores em domicílios particulares permanentes ocupados (Pessoas)";"Total";"2022";"10884";"2493";"1788";"41"
"Tanguá (RJ)";"Total";"Moradores em domicílios particulares permanentes ocupados (Pessoas)";"Total";"2022";"25243";"4068";"1567";"140"
"Teresópolis (RJ)";"Total";"Moradores em domicílios particulares permanentes ocupados (Pessoas)";"Total";"2022";"115394";"38563";"9437";"1403"
"Trajano de Moraes (RJ)";"Total";"Moradores em domicílios particulares permanentes ocupados (Pessoas)";"Total";"2022";"8178";"1206";"835";"37"
"Três Rios (RJ)";"Total";"Moradores em domicílios particulares permanentes ocupados (Pessoas)";"Total";"2022";"59262";"14970";"3173";"784"
"Valença (RJ)";"Total";"Moradores em domicílios particulares permanentes ocupados (Pessoas)";"Total";"2022";"48747";"15064";"3509";"613"
"Varre-Sai (RJ)";"Total";"Moradores em domicílios particulares permanentes ocupados (Pessoas)";"Total";"2022";"5964";"2515";"1693";"28"
"Vassouras (RJ)";"Total";"Moradores em domicílios particulares permanentes ocupados (Pessoas)";"Total";"2022";"22492";"8004";"3251";"188"
"Volta Redonda (RJ)";"Total";"Moradores em domicílios particulares permanentes ocupados (Pessoas)";"Total";"2022";"196548";"51723";"11387";"1330"
